Agent_ID,Agent_Name,Route_ID,Avg_Speed_KMPH,On_Time_Delivery_Percentage,Experience_Years
AG_001,Arun Nair,RT_03,42.7,86.7,5.2
AG_002,Vikram Nair,RT_01,48.6,73.2,9
AG_003,Vikram Gupta,RT_11,37.2,82.2,5.1
AG_004,Vikram Nair,RT_06,45.2,73,6.6
AG_005,Kiran Nair,RT_07,38.1,91.4,5.9
AG_006,Kiran Kumar,RT_20,41.5,70.5,9.4
AG_007,Vikram Patel,RT_02,39.8,85.9,1.7
AG_008,Meena Kumar,RT_18,50.3,73.6,5.3
AG_009,Kiran Patel,RT_09,45.6,87,9.7
AG_010,Kiran Gupta,RT_07,49.3,81.2,7
AG_011,Sneha Sharma,RT_17,44,76.9,1.6
AG_012,Rajesh Nair,RT_18,39.6,76.2,1.6
AG_013,Rajesh Patel,RT_03,53.1,94.1,1.6
AG_014,Pooja Reddy,RT_16,39.3,73.7,9.4
AG_015,Priya Nair,RT_16,39.9,83.2,4.7
AG_016,Anita Kumar,RT_14,42.1,81.5,8.8
AG_017,Rajesh Gupta,RT_04,36.2,90.4,8.2
AG_018,Anita Patel,RT_07,38.8,82.6,4.8
AG_019,Vikram Sharma,RT_08,52.5,72.1,8.3
AG_020,Kiran Kumar,RT_02,48,85.1,1.1
AG_021,Anita Patel,RT_06,43.1,83.5,8.8
AG_022,Rajesh Patel,RT_13,35,80.9,9.3
AG_023,Meena Reddy,RT_14,48.9,90.5,8.1
AG_024,Meena Patel,RT_07,40.9,97.1,6.2
AG_025,Kiran Kumar,RT_11,36.1,86.4,5.5
AG_026,Kiran Patel,RT_02,54.2,72.2,2.7
AG_027,Priya Kumar,RT_08,43.1,96.4,6.1
AG_028,Priya Nair,RT_02,47.4,81.7,6.3
AG_029,Kiran Reddy,RT_09,39.1,90.1,3.1
AG_030,Arun Patel,RT_10,44.1,96,9.4
AG_031,Rajesh Sharma,RT_20,55,97.9,1.7
AG_032,Pooja Nair,RT_09,37.6,79.8,1.6
AG_033,Pooja Reddy,RT_10,38.2,93.3,7.3
AG_034,Priya Gupta,RT_17,35.2,92.9,3.7
AG_035,Anita Patel,RT_09,37.3,73,6
AG_036,Vikram Reddy,RT_20,39.2,79.6,7.2
AG_037,Vikram Nair,RT_16,40,95.4,1.5
AG_038,Arun Reddy,RT_02,35.1,91.6,6.7
AG_039,Vikram Patel,RT_15,46,82,1.1
AG_040,Anita Gupta,RT_05,45.9,93.4,6.2
AG_041,Amit Sharma,RT_05,35.8,80.2,9.4
AG_042,Rajesh Reddy,RT_07,48.6,88.7,4.2
AG_043,Kiran Sharma,RT_20,50,95.9,3.1
AG_044,Amit Patel,RT_14,35.5,90.6,4
AG_045,Arun Gupta,RT_08,40.3,92,2
AG_046,Rajesh Sharma,RT_08,39,95.7,4.1
AG_047,Pooja Patel,RT_01,48.2,81.2,3.5
AG_048,Anita Reddy,RT_12,47.8,81.2,9.8
AG_049,Kiran Reddy,RT_01,37.3,97.2,2.6
AG_050,Vikram Kumar,RT_04,46.9,79.7,8.1